label,text
1,carnivore make noise
0,people wear drone
0,ringtail have spike
1,squad involve sport
1,ferryboat move object
1,whale eat plankton
1,possum have leg
1,layperson help other
1,golfing take lot
1,trafficker require type
0,person eat interview
0,stone have brain
1,person touch school
1,bookshelf have shelf
0,teenager use consumer
1,people desire exhibitionist
0,caricaturist involve cpr
0,tree tell time
0,person eat plate
1,chop use eye
1,dogs involve animal
1,anyone use bullet
1,cookbook have color
0,detonator involve writing
1,person notice waitperson
1,people use school
1,thumbtack hold thing
1,freezer hold ice
0,horn have tooth
0,person hold star
1,person wear brassiere
1,person wear logo
1,genome have mass
1,cones cost $
0,jammer clean thing
0,article have motor
1,meetinghouse have address
1,person touch dowry
1,concubine have job
1,everyone have job
0,curry require type
1,beacon make noise
1,kid like merchandise
0,person hold sap-sucking
1,window let light
0,person eat tumbler
1,trainer require education
0,mountain have door
0,shank grow root
0,person throw house
0,person wear postcard
0,person eat lunchbox
0,people have angel
1,banana have color
1,coyote eat meat
1,footbath use electricity
0,man wear many
0,bandage use battery
0,can have frosting
1,bulldog bite thing
1,subpoena hurt person
0,hippo have armor
0,dinghy have leg
1,housekeeper take place
0,ammonia hold thing
1,isle have one
0,ballad have shape
1,person touch whore
0,brain involve fire
1,whirlybird have engine
1,campsite require human
1,hombre hurt person
0,lotus bear fruit
1,employer have arm
1,cleaner require schooling
0,person wear documentation
0,lining use electricity
0,fuel have wheel
0,person drive tearoom
0,pleasant require electricity
1,people use water
0,chicken have scale
0,furnishings make noise
1,arrow cut thing
0,person eat spade
1,hatchet cut thing
1,school have window
1,person lift denim
1,prisoner make noise
1,person use coil
1,person hate flower
1,person crank pulley
1,hustler make money
1,roofline help pepople
1,quicksand cause damage
0,jackass have horn
0,rug involve writing
1,person hold sweetener
1,nameplate make noise
1,person see mines
1,hookers require skill
0,person ride peel
0,snowdrift have page
1,person see habitat
1,jacket have button
1,cat climb tree
1,brontosaurus have mouth
0,person hold luncheon
1,cage hold something
1,ballplayer have head
1,person use potluck
1,silkworm climb tree
0,person wear neat
0,flusher have feeling
1,shilling serve purpose
1,garlic have leave
1,subcontractor have skin
1,person use mop
0,contract have hair
1,firehouse use electricity
0,person hold ballad
1,tortoise have shell
0,tea play music
0,person touch conduct
0,poison make noise
0,gaming hold something
1,kid like ghost
0,mannequin need gas
1,martini have odor
0,person eat liner
0,person throw loss
1,person hold tapestry
1,person touch undershorts
1,fish have brain
1,person eat baits
0,fingernail tell time
1,processor use eletricity
1,hustler have penis
0,person make maiden
1,scope cost more
0,tinsel take battery
1,kid like nougat
1,barracuda lay egg
0,dope breathe oxygen
0,methane hit earth
1,suitcase have mirror
0,transit involve investment
0,beans have alcohol
0,collar benefit society
1,politician have feeling
0,people operate lava
0,person drink bone
0,carrot require electricity
1,lamp require electricity
1,gopher have taste
0,person wear handcart
0,adhesion make sound
1,treasury shelter person
1,toy use electric
1,ringtail have fur
1,toy have engine
1,pitbull like food
0,tapeworm have fang
0,person cut physique
1,garlic have aroma
0,pollen have water
0,warthog have feather
1,foreigner involve cemetery
0,universe have electricity
0,person buy waitperson
0,person eat glass
0,carton wear dress
1,rose have thorns
0,roadblock have wheel
1,memo have purpose
1,person throw greenback
1,shoe cost $
1,marmot have fur
1,jackpot make noise
1,home have door
0,bookkeeper have fur
0,god involve dummy
0,person climb ocean
0,lightbulb store thing
0,cracker have switch
1,building have window
0,wing have leg
1,adult use logbook
0,sportscaster have fur
1,people buy powder
1,child use glue
1,person use bullet
1,bully have child
1,doppelganger provide service
0,sun feed baby
1,child enjoy prize
1,driver require license
1,sensor make noise
0,cow lay egg
1,surgery cause pain
1,person purchase vise
0,person wear abuser
0,person eat gnome
1,wrestler require training
1,kid use toy
0,animal like shank
0,veterinarian take battery
0,person cook abuser
0,person eat violin
0,person take interview
1,women make noise
0,person throw library
1,door have knob
0,person eat bowl
1,psychologist require degree
0,rat pay morgage
1,water ruin methanol
0,expo hurt people
0,sulfur have feeling
0,person touch commands
1,person see mentor
0,turtle eat krill
1,meetinghouse have roof
0,people collect woodshop
1,person find oxbow
0,person eat cane
0,person buy tendonitis
1,person break headphone
0,person wear racetrack
0,person breathe distillery
0,person eat wall
1,person see abrasion
1,sitter involve cleaning
1,match burn person
1,woman wear brassiere
1,people own feeder
0,highlighter use electricity
1,lettering involve teacher
0,person drink play
1,lamp produce light
1,fountain spray water
1,bull have horn
1,kid like microprocessor
0,suppository have buckle
1,oven touch ground
0,person eat vermouth
0,person consume brick
1,hyena have spot
0,person eat sidebar
0,antifreeze need electricity
0,person eat paintchip
0,frog have shell
1,slaughterer require tool
0,tablet have handle
0,book have engine
1,fighter have leg
0,person wear locomotion
0,dinghy have water
0,brontosaurus have feather
1,kid use city
0,walmart sell freeway
1,honeybee collect nectar
0,flirter require degree
1,person wear sweatpants
1,dog climb tree
1,busman involve travel
0,person hold ranch
0,person feel some
0,turbocharger have wheel
0,people carry car
1,headphones make sound
0,person eat keystroke
0,sap play music
1,person touch tribe
1,adult use footings
0,people use wasp
1,laptop involve screen
1,cattleman involve training
0,bookshop possess wheel
1,atm have through
1,execution hurt person
0,person hold time
0,person find maiden
1,blimp have pilot
0,locomotion have wheel
1,lamp use electricity
0,person wear vinaigrette
0,aerialist have bill
0,jockey involve forest
1,child lift desk
0,people wear enema
0,freeway make sound
0,pail use electricity
0,crocodile have hoove
0,manifesto make noise
1,memoranda have bind
1,child use straw
0,tea sell food
1,sleuth require college
0,person wear beanstalk
0,person eat boutique
1,human use homework
1,person touch schoolwork
0,person wear notepaper
0,person open screamer
0,person wear manifesto
1,bison scare people
0,thumbnail have screen
1,people wear sneakers
0,child use condom
1,parka have hood
1,hands make noise
0,gaze have hair
1,kid use piano
0,buckshot use electricity
0,yardman have tail
1,kid use driveway
1,supermarket have door
1,collard involve water
1,testicle serve purpose
0,river use electricity
0,fork use electricity
1,shakers hold stuff
0,fruit produce light
0,earth cost money
1,bagpipes make sound
1,tree need water
0,person eat timepiece
1,trailer have wheel
1,salespeople help people
0,person wear atmosphere
0,crosswalk make noise
1,zoo involve animal
0,wind have color
1,person hold terracotta
1,dinosaur eat fruit
1,person hold chicken
0,person eat governess
0,bank have eye
0,person eat embryo
1,erotica involve action
1,person clean stain
1,person use crock
0,person buy man
0,morphine have bulb
1,diamondback slither all
1,doorpost hold something
0,kid use rainbow
1,songwriter involve wildlife
0,taco have brain
0,beach have motor
0,person drive thought
0,scotch involve person
1,person touch fatness
0,hickey contain word
0,air weigh anything
0,protect have smell
1,writer accomplish task
1,heart feel love
0,newsletter produce light
0,human see sound
1,bucket have handle
0,birthmark take skill
1,kid use cabbage
1,display have wiring
0,curler involve mouth
1,tablet process information
1,one touch leg
0,person eat sidecar
0,person use pollution
0,steamer use sunlight
1,octopi weik lot
0,coffer have leave
1,grandma have tooth
0,person take webmaster
1,toddler have feeling
0,person wear ashtray
1,kitten make sound
0,armor use source
1,person drive bicycle
1,lettering involve quiz
0,person water colour
0,person drink knocker
1,groundsman have eye
0,robe have leg
0,blackfish have shell
1,scroll serve purpose
1,everyone see geek
1,person purchase magnetometer
1,person touch fan
1,person smell man
1,backstabber drink water
1,person sell walnut
1,goddaughter have leg
0,immiteate involve kid
1,people grow plant
1,tv have screen
0,shirt have parent
0,people eat feces
1,funnel hold something
0,bird have hair
0,person eat windowsill
1,woman throw baseball
1,ostrich have leg
0,universe have root
0,person see traction
0,person touch care
0,kid use complete
0,talker require education
0,wiz use electricity
1,steamer contain water
1,mare have mane
1,monorail contain liquid
0,person eat drums
0,person consume garment
0,hill use electricity
1,gym cost money
1,saucer touch ground
0,person eat deadbolt
1,rhino have horn
1,printer print document
1,person see midsection
1,motorboat require power
1,motor cost lot
0,person hold duel
0,person smell cellphone
1,man use iron
0,fingerprint darken room
1,mediator involve animal
1,shampoo have scent
0,tequila have cream
0,virus have wheel
1,blood serve function
0,child use wine
1,person see wildcard
1,saxophone make noise
1,thought cost money
1,people want hairball
1,grenadine have flavor
0,person eat brassiere
1,person lift cover
0,person eat sweatshop
1,whirlpool make noise
0,child contain thing
0,assumption have price
1,marathon require effort
0,people covet fizz
0,person hold haze
0,human operate foyer
0,ocean hold amount
0,people hunt cadaver
0,secret make sound
0,turbocharger have screen
0,tree have fur
1,human need arms
0,mode have shell
0,person find patio
0,beef have leg
0,saxophone have wheel
0,woman use jockstrap
1,psychoanalyst have leg
1,puck involve sport
1,jaguar have tooth
0,child use car
0,steamer run car
0,squash store something
0,food eat meat
0,bun have leg
0,person wear mountain
1,bear have hair
0,person wear processor
0,person wear arsonist
1,people use kwanza
0,postmaster involve food
1,supermarket serve food
1,princess make sound
0,fish have claw
0,birdseed have brain
0,person touch cloud
0,canal pay higher
0,bobble have tab
0,acorn use electricity
1,violinist require training
0,stone move thing
1,fan create wind
0,mantis cost $
0,person hold machine-shop
1,toy require battery
0,narcotics require fuel
1,human use bumper
0,enslaver have wheel
0,eggplant have clove
0,person wear manhole
0,slate require electricity
0,person lift airplane
0,people buy sun
1,sitter involve cooking
1,migrant have title
1,oil have scent
1,child lift diagram
0,person touch hydrogen
0,law cause ground
0,address involve emotion
1,golfshoe have spike
0,stretch reflect light
0,hardcopy use electricity
1,frog make noise
0,hydroxide require maintenance
0,turpentine make music
1,scissors have action
0,voicing have horn
0,person climb satin
1,person touch precipitation
1,coat have button
1,human use banknote
1,oven use electric
0,person water fixer
0,tuxedo play music
1,person wear clapper
1,golfing cost money
0,person wear bedroom
0,ape lay egg
1,people use honeydew
0,people want nightmare
0,birthmark need water
0,person lift elepahnt
1,crayfish have leg
1,person find table
0,clarinetist have wheel
0,quail have shell
1,lagoon have smell
1,people enjoy dance
0,plastic use electricity
1,puppy hurt person
1,giver have job
1,glass have color
0,person wear methamphetamine
1,person hold drill
1,sapphire help people
1,swindler involve drug
1,skates have wheel
0,person breathe freeway
0,word require talent
1,kid use toothpaste
1,hatchery have scent
1,diamondback make noise
0,locksmith involve hvac
0,fishhooks require power
1,person use jetliner
1,camel have hump
1,clicker make noise
0,person eat safari
1,milkman pay $
1,hacker have leg
0,seaboard say something
0,phosphate use electricity
1,offender involve food
1,rose have flower
0,person consume postponement
1,satellite check weather
0,person move earth
1,carpenter use hammer
1,stereo take battery
1,person throw prize
0,baby have child
1,aircraft have inside
1,polygraph make noise
0,shampoo involve writing
0,person drink pancreas
1,box have wheel
0,people build palette
1,mouse have fur
0,person find cheerios
0,clockmaker involve medicine
1,counterterrorist give birth
1,slaughterer require ducation
1,piano cost $
0,person hold catch
0,cufflink have shelf
1,telegrapher have smell
1,sunflower have root
1,person find jaywalker
0,decoy eat grain
1,human wear shirt
0,container use electricity
0,precipitation have fang
1,moth bother people
0,hailstone make movement
1,calculator have name
0,person wear curry
1,person use plotter
1,elderly use erotica
0,person cook boathouse
0,people buy midline
1,well have water
0,person wear thought
1,person touch tomahawk
0,stump produce nut
1,puppeteer cost money
0,person eat clan
1,subcontractor have ear
0,human have leave
0,person use moviemaker
0,toymaker involve cooking
0,person hold dislocation
0,kid love whiskey
1,coyote have fur
0,person eat school
0,candy have wheel
1,transporter make noise
0,spinout involve education
1,person touch heartthrob
0,person take school
0,veterinarian take power
1,typewrite use electricity
0,cute have vaccine
0,prison give birth
0,quail have scale
1,person touch present
0,soil have handle
0,cooler provide heat
1,people eat roach
1,person buy contender
0,acrobat involve racquet
1,child use paraphernalia
1,cove have sand
0,cumin hold air
1,diarrhea have color
0,people use hailstone
1,people use radiation
1,person touch orchard
0,snake have arm
0,person touch law
1,doctor use scan
0,person hold graffiti
1,steamroller cost $
1,transistor need power
1,telephone take electricity
1,cattleman involve zoo
0,laser seat more
0,person use flea
1,dog use leash
1,kid use daybook
0,person hold lawyer
0,people climb floor
1,person like nose
1,fan need something
1,people enjoy seminary
1,tupperware have lid
1,man have lot
0,flick require equipment
1,worker involve industry
0,duel have feeling
1,baron serve people
1,negligee have fabric
1,person hold bloodworm
1,kid use towel
1,people use mortar
0,net use electricity
1,person see cellblock
0,person eat sneaker
0,person eat rash
0,person wear kindergartener
1,person use jacket
1,grill cook food
0,person consume altarpiece
0,tapeworm have antennae
1,car require maintenance
1,pen use ink
1,people like lounge
0,heroin make noise
0,person use bomb
1,sunglasses block sun
0,rope have wheel
0,person eat sandalwood
0,person wear locker
1,copilot require uniform
0,person carry bedroom
0,person touch thought
1,microscope involve lab
0,voicing create barrier
0,playlist have stripe
0,bat blow air
0,person use plastic
1,soldier involve uniform
0,plastic burn person
1,mom hold brassiere
0,person play manual
0,person wear grandson
0,person eat dinosaur
1,people build mine
0,person eat theif
1,fence require labor
1,child use railing
0,everyone want turnstile
1,person touch television
0,bison have wheel
1,underwriter involve math
1,bird have feather
0,millet have brain
0,scarf have shape
0,dirt involve food
1,bottle contain liquid
1,fridge hold thing
1,stove require electricity
0,plywood use water
1,intercom make noise
0,busman involve computer
0,clutch use gas
0,rock feel pain
0,person wear porthole
1,corn have layer
0,fountain use microphone
0,process have leg
1,person see antibiotics
0,person spend food
1,person lift drainer
0,walking involve training
0,gator have fur
1,person avoid migrant
1,carrot have calory
1,vault have function
1,cart involve shopping
1,hamster have brain
1,dachshund eat meat
1,person touch shrub
1,flashlight use battery
0,turbocharger have battery
0,sticks have battery
1,kid use bike
1,human use intersection
0,honey make noise
1,person use cryptograph
1,motorcycle have wheel
1,bread have smell
0,foundation take gas
0,torpedo have wheel
0,microprocessor have screen
1,widow have friend
0,person eat steppingstone
0,person drive vertebrae
0,turpentine use electricity
1,person buy metronome
0,person drive typist
0,person burn trial
1,person hold archives
1,person touch mill
0,bobble take battery
1,kid use knocker
1,presoak have smell
0,ground make offspring
1,person have gender
1,rainbow have color
0,person use convention
1,calculator have stripe
0,laptop let light
1,person ride tank
1,kid love bobtail
0,cornflakes have liquid
1,illusionist pay more
1,flashlight emit light
0,acupuncture have form
0,person eat whore
0,people eat rock
0,ballroom have wheel
1,people eat meat
1,law require degree
0,person eat prairie
1,sneakers need lace
1,arches have color
0,manequine have emotion
0,person read undergarment
1,person carry insulator
0,stillness make noise
0,person find reconstruction
1,insect have fur
1,balloon hold air
1,frog make sound
1,cat have paw
1,person see taillight
0,gondola have wheel
1,goods cost money
0,amphetamine require refrigeration
0,person hold webcast
0,handcart have brain
1,pitcher hold amount
1,squirrel have fur
1,kid use slides
1,stag have tooth
0,person ride fuel
1,fairy have leg
0,person see consider
1,engine require electricity
1,person buy craps
1,hombre make noise
1,fish breathe air
1,adult use library
1,amplifier make noise
0,person wrap restaurant
0,person use volleyball
0,phrasebook require battery
0,person wear ball
0,school have wheel
1,kid use chessboard
0,testicle have leg
1,computer have keyboard
0,person hear silence
1,tibia have colore
1,roadblock provide sort
0,playoff have brain
1,surgeon use scalpel
1,person hold blueprint
0,shampoo have spot
0,person hold world
0,person eat golfball
1,people use soil
1,wallet hold money
0,person consume fan
0,person smoke crayon
0,bush have leg
0,caming have wheel
0,oven remove something
0,camisole require electricity
0,person eat toaster
0,spitball use electricity
1,human use transistor
0,foldout produce light
1,snake have scale
1,person hold water
1,people like divers
1,person see spillage
0,person wear hatchery
1,ape eat meat
1,uncle have job
0,person eat ocean
0,person drive teepee
0,fountain have wheel
0,hamper breathe air
1,headlamp produce light
0,honker have wheel
1,juror have scent
1,people want hair
1,sandblaster make noise
1,person touch cummerbund
0,aligator have fur
1,heavyweight require college
0,plywood have motor
0,person buy physique
0,serum require electricity
1,person buy etching
1,anyone use vault
0,blister have vaccine
1,monkey have tail
1,game require power
0,human eat cornfield
0,pen grab food
1,lot have mansion
0,people use nothing
0,child use member
1,fan make sound
1,sportscaster make noise
0,person eat satellite
1,blackbird have wing
0,person smell sidebar
0,person hear chromium
1,person hold counterterrorist
1,vibrator serve purpose
1,human touch tomb
0,person wear gamer
0,person hold cave
1,peacock have feather
1,buckshot cost money
0,superconductor involve group
1,monarch have leg
1,venue cost lot
0,person wear hydroponics
1,person buy vitamins
1,chrysanthemum have petal
1,breadwinner have hair
0,handclap involve writing
0,person touch idea
0,politics have feeling
1,person touch sea
1,buckwheat have seed
1,spider spin web
0,worm require cage
1,monitor have screen
0,bless hurt people
1,firefly have leg
0,bloomer require electricity
1,person wear sombrero
1,cluster serve purpose
1,jackhammer make sound
1,lamp need bulb
1,houseboat contain thing
0,rake have fabric
1,person buy tuba
1,secretary make call
1,terminal use electricity
0,corner have engine
0,aristocrat require prescription
0,person smell ugliness
0,paperboy involve water
0,cherry grow fruit
1,storybook have texture
1,person see carnival
0,car use comma
0,decor have tooth
1,person touch canal
0,washstand have roof
1,dachshund eat cheeseburger
0,box have leave
1,animal use dock
1,entree cost $
0,person use turret
1,dictionary contain word
0,person buy fingerprint
1,human use opiate
1,root provide food
0,wall have tail
0,person eat grail
1,dishtowel help people
1,computer need electricity
0,tit cook food
1,warplane have wheel
0,wiper have wheel
0,person operate plaster
1,people have watch
0,person drink nip
0,person eat conduct
0,ring have leg
1,marmot have tail
1,person find kitchen
1,robot use electricity
0,person eat peepshow
0,person touch nebulus
1,coin make noise
0,person eat knocker
1,emcee require degree
1,stopwatch use electericity
0,person mash grandson
1,human change henhouse
0,person touch ideas
0,person use fryer
1,people use papyrus
0,child use hoofs
1,latch reflect light
1,teacher teach something
0,person purchase mom
1,furnace use gas
0,trucker have feather
0,person hold wiz
0,person eat glimpse
1,person touch grenade
1,child use phalanges
1,toaster require electricity
1,person use slicer
0,person plug fork
1,drum provide benefit
1,fan make noise
1,chronograph hurt person
1,beggar have job
1,person touch lectern
0,watercress use electricity
0,person consume moneymaker
1,kangaroo have claw
0,throat have sense
0,person hold elephant
0,chef use harpoon
1,person move sugarplum
0,human use dogs
1,person use altarpiece
1,person touch cesspool
1,syllabus involve person
1,flashlight need battery
0,breadbox use electric
1,kid use origami
1,person touch jailer
0,people use tree
1,possum eat meat
1,toaster require power
0,person buy caravan
1,housewife have feeling
0,person buy sun
0,people wear bordello
1,ragtime involve kid
0,registrar involve crime
1,buzzer use electricity
1,person hold eggshell
0,tv send fax
1,ferry use electricity
1,man make noise
1,person use junkyard
1,cat have brain
1,pliers have handle
1,coupler connect pipe
0,rowboat use electricity
1,person ride groundsman
0,stapler have screen
1,bus have wheel
0,dandelion make noise
1,dentist involve office
1,sickle cause pain
1,iguana have brain
1,butterfly have wing
0,forefinger breathe air
1,child use stationery
1,person wear uniform
0,highchair make noise
1,wife have brain
1,people use gravestone
1,person touch crypt
1,translation require lot
0,gunman involve speech
0,sod have wheel
0,leeches have fang
1,human use magic
1,child use box
0,person use spa
1,coordinator have leg
1,oven cook anything
0,foundation take battery
1,tool have button
0,person eat placard
1,penis have smell
1,remote use battery
1,thread serve purpose
1,moth have dot
1,person wear undershorts
1,officer wear clothes
0,person wear ship
0,person eat towel
1,roof block sun
0,person use congestion
0,goop have switch
0,person eat ensemble
0,person hold vapor
1,teacher require skill
0,person smoke collar
1,drone cost more
1,cluster cost money
0,person breathe boathouse
0,person own gazer
0,person touch wish
0,person see oxygen
1,person carry stylus
1,driver provide service
1,person touch trough
0,paper have child
1,carriage hold people
0,shuffler measure anything
0,gondola require cement
1,awning have cover
1,shrub have leave
0,floodplain spray water
0,gunman involve soldering
0,animal use sliver
0,sunflower wear clothes
1,dowry cost money
0,person eat blanket
1,pressurewasher require water
1,person hold gyroscope
0,animal use encryption
0,obstetrician involve vehicle
0,conch have fur
0,sear sell typist
1,plant serve purpose
0,brooder involve performance
0,person throw fountain
1,bike have wheel
1,slaughterer require boot
0,binder make sound
1,person buy juror
1,dungeon have water
0,fruit use number
0,kink have color
1,swindler involve gambling
0,person burn midwife
1,kid use path
1,table have leg
1,flock represent group
1,technician involve technology
1,freebee have color
1,crow have wing
0,person ride hock
1,doctor make money
0,person hold bank
1,human use doorknocker
0,person taste hoard
0,person eat broach
0,person buy highway
0,axle have lid
1,stocks involve market
0,car have leg
1,people use aluminum
1,employer wear shoe
0,person eat transistor
1,child use bat
1,person hold honey
0,condensates have color
0,jackass have armor
1,conservationist benefit society
0,person use cloud
1,person throw portfolio
1,child use crossfire
0,person wear yard
1,barbwire cost money
0,person eat webmaster
1,adviser require degree
1,people use caboose
0,person hold aisle
0,gourmet involve music
1,microphone need electricity
0,person eat fixer
1,tablet require electricity
1,kid like candy
1,helpdesk involve service
1,bulldog cost lot
1,grinder make noise
0,tap prepare food
1,alehouse make alot
1,salespeople wear hat
1,people use sugar
0,person consume steamer
1,teahouse involve food
1,cookbook serve purpose
0,precinct involve food
1,impostor have mother
0,uncle have wing
0,compost have door
0,hairdryer play music
0,person see heaven
0,scotch involve function
0,person wear chair
1,trousers provide warmth
1,crowd make noise
0,person fold sty
0,amplifier consider food
0,cracks break thing
0,person break physique
0,platter tear food
1,cement change form
1,shoe have size
1,person see heartthrob
1,dragon have tail
1,dachshund wag tail
1,stocks involve nasdaq
0,glycerol take temperature
1,rabbit have tail
1,person buy satellite
0,swordfish have leg
0,pitbull drive truck
0,water have skin
0,person touch smell
1,concoction contain flavor
1,clubhouse have light
0,person borrow encryption
0,person touch constellation
1,people eat fish
0,germs make noise
0,gondola use fuel
0,wingtip change property
0,conch wear dress
1,charger make sound
1,ostrich have feather
1,everyone have alarm
0,sight involve liquid
1,person buy tool
0,person eat bitters
0,electroplate require degree
0,person eat booth
0,display have root
1,warrior have leg
0,person touch audio
1,sponge absorb water
1,lynx have fur
1,deer have antler
1,herdsman have feeling
1,respirator involve cpr
1,human hold daybook
0,animal use comet
1,kid like milk
0,person buy bully
1,carnation have shape
1,detonator require electricity
0,person wear router
0,person eat aerialist
1,cat eat meat
1,gull make noise
0,breadwinner have fur
1,switch use electricity
0,person smell sky
1,highlighter help people
0,warhorse have hump
0,sweathouse involve writing
1,cinema have through
1,person hold chaser
1,flashlight take battery
0,person drive paraphernalia
1,record have color
1,phone need power
0,lube require electricity
0,person eat homebrew
0,sonar pull something
1,person hold millstone
0,tapeworm have leg
0,joint have foot
1,bear have scent
1,person touch protester
1,van have wheel
0,airplay have wheel
0,specks hold something
0,everyone have obstruction
0,clitoris make sound
1,people use program
0,chicken breath fire
0,person wear volleyball
0,person hold hip
1,theater have restroom
1,person own entranceway
1,person move attire
0,person wear dartboard
1,landline involve internet
1,fir have sap
0,person wear drainpipe
0,meteor require human
1,moth have wing
0,person eat bedroom
1,bagel consider food
1,people eat macadamia
0,snowstorm have wire
1,squirrel have tooth
1,person see hayseed
0,cummerbund have frame
1,boot have use
1,axe harm plant
1,person buy telephoto
0,scar involve writing
1,people use duster
0,people buy electrons
1,trumpet make sound
1,seltzer kill person
0,clutch use electricity
1,investment involve money
0,pussycat have screen
0,person use clasp
0,aerialist lay egg
1,forest have sand
0,cityscape make something
0,person use shelter
0,brooder involve haggling
1,person smoke tobacco
1,fighter have arm
1,jar solve problem
0,vibrator play video
1,teepee fit family
1,air have color
0,person hold highway
1,person touch glider
1,bakeshop help people
1,antiques have color
1,cup contain water
0,person eat print
0,firewater have leg
0,person wear cellphone
1,person hold tops
1,rosebush have root
0,antibiotic contain metal
0,person hold garden
0,person eat contender
0,banister have screen
1,hamster climb tree
0,person eat lane
1,forest contain tree
1,crab have claw
0,everyone have aisle
0,universe have leave
0,person wear cola
0,person wear longneck
1,advil involve medicine
0,person consume oxbow
0,person drive uranium
0,kink require labor
0,roofer have fur
1,flame have purpose
1,syllabus involve more
0,person drive photojournalist
1,man use shakers
1,mechanic use gauge
1,paint cost $
0,faceplate hold liquid
1,person buy bass
0,clockmaker involve hotel
0,cubby use water
0,theatre involve cooking
1,grease have smell
0,needle use battery
1,lawnmower need gas
1,person see riverbank
0,windbag make money
0,person eat caste
0,people want shark
1,stem have purpose
0,cellblock make noise
1,workhouse start foundation
0,psychologist involve water
0,car use oar
0,electromagnet hold water
1,student have book
0,key have mind
1,monorail make noise
0,baton use electricity
0,biceps take battery
1,responder consult people
1,work cost money
0,person kill blister
0,smell have color
1,person touch diver
1,human eat tuna
0,person borrow ballad
0,vegetarian eat locust
1,people use steamship
0,person eat filer
0,speed require education
1,research involve keyboard
0,person read trouser
0,person ride wienie
0,tit play instrument
0,pheromone have color
0,toaster require battery
0,gaze have job
0,matchbox require electricity
0,crackpot involve animal
0,calculator have hair
0,envelope have button
1,fairground have water
1,escargot cost lot
0,people worship crossroads
0,cash make music
0,towel use electricity
1,people use spacecraft
0,person hold voiceing
1,cup have design
0,person eat mascara
0,person eat collarbone
0,someone use depression
0,person eat some
0,wrong have fur
1,percolator have handle
1,crow make sound
1,tinplate have part
0,person eat canister
1,person buy shelf
0,person hold conservatory
1,squirrel eat nut
0,poser have taste
1,solder involve soldering
1,person buy pretzel
0,person use gal
0,process eat fruit
1,gigolo involve sort
1,frog have color
0,person see roar
1,castaway hurt people
0,person wear bookcase
0,pencil use electricity
0,baseball slither all
1,housemate make noise
0,octopus have fin
1,pioneer include gender
1,magnet pull something
0,doormat use electricity
1,child use dock
1,puppeteer involve kid
0,grapefruit cost lot
0,men purify blood
0,person use mouthpiece
1,correspondent have tooth
0,person find ceiling
1,ground serve purpose
0,animal make elbow
0,chest use fuel
0,person hold moonbeam
1,hostel hold water
1,moth have leg
0,person hold bull
0,person wear peepshow
0,person eat router
1,person see entranceway
0,throne involve sport
0,elevator use gas
1,person see blockage
0,person own mountaintop
0,obstetrician involve repair
1,everyone have heart
1,storehouse have restroom
0,orchestra have color
1,confidant like animal
0,bread have hair
0,person find postponement
1,person move appointee
1,person touch bosom
0,inchworm spin web
0,person wear parsley
0,blind have color
0,article need water
1,lining have functionality
0,person use moon
1,writer require schooling
1,captain require education
0,person see aroma
1,burrito cost money
0,person eat lather
0,kind have function
0,person touch promotion
1,treetop make noise
0,tuba involve food
1,person plug heater
0,plot make something
0,gal have faucet
1,bulb make light
1,person purchase jambalaya
0,telegraph have wheel
1,gentleman have hair
0,apple cut stuff
0,magnet eat food
1,person grow corn
0,stars make sound
0,person trim crush
1,audiologist cost money
0,hippopotamus have trunk
0,foghorn hold something
1,phone use electricity
0,person eat renovation
1,person wear bifocals
1,person use accordion
1,hammer have head
0,person touch oxygen
0,person wear telegrapher
1,director require degree
0,lamppost generate power
1,person touch cone
0,person drive food
0,moors use electricity
0,sportswoman involve flower
1,anyone use secrets
0,person drive prairie
1,clock tell time
0,people wear campfire
0,person cook moon
1,bee use azalea
0,person use core
1,person find blackboard
0,leeches have leg
1,kid like marmalade
0,person drink platter
0,home require college
1,person buy tofu
1,people see lever
1,torch emit light
1,railway have wheel
1,tractor have engine
1,hand have color
1,dog make sound
1,person eat wheatgrass
1,subcontractor wear shoe
1,blinker use electricity
0,person hold prison
1,person hold tripe
1,leakage use water
0,person buy tap
0,chimp have horn
0,person lift bus
1,human use cobalt
1,workhouse have color
1,kid use dice
0,person eat sock
0,person mail predator
1,net weigh lot
0,person buy time
0,person wear roofline
0,contraception involve writing
1,gentleman have hand
0,armpit cook dinner
0,person wear rowboat
1,hostel have hole
0,toga use electricity
0,come have wheel
1,girl wear dress
0,brassiere have sleeve
1,people use cards
1,caddie make noise
0,avoiding have leg
0,person open light
1,woman use money
1,notes involve crowd
1,plant produce fruit
1,fireman involve water
0,monogram use eletricity
0,person drive metronome
1,person see school
1,butcher prepare beef
1,whale breath air
0,person eat clavicle
0,person drink sushi
0,person touch low
0,wildflower require degree
0,person eat rock
1,gondola have engine
1,reel make noise
0,retailer involve nature
0,spinout involve insurance
0,rod have wheel
1,phone require electricity
0,animal like wan
0,tortoiseshell lay egg
0,condor have scale
0,roach have fur
1,platter have purpose
1,bucket collect water
1,man use spades
1,caboose have door
0,bifocals block sun
1,factory have belt
1,shrubs have flower
0,person buy wonder
0,suitcase dry clothes
0,person use headstone
0,lane have wheel
0,person eat riverbank
0,anus have wing
1,person hold plating
1,dagger cost money
1,person read browser
0,gardener use lambskin
0,everyone have puff
0,tiger have fin
0,wolf have antler
1,crocodile like water
1,person hear mixer
1,car cost money
0,bookkeeper have motor
1,person replace eggshell
1,lamp require electiricy
1,person eat cuccumber
1,lamp use eletricity
0,gold have brain
0,people join cityscape
1,shipwreck contain water
1,person hear webcast
0,person touch steam
0,person eat tribe
1,harvester have color
1,headstone cost $
0,person mail campfire
0,person hold peepshow
1,cuttlefish have brain
0,person breathe node
1,person touch checkers
1,building have wall
0,walmart sell epidural
1,person hold sketcher
0,electromagnet create wind
1,grandmom have functionality
1,bobtail have leg
1,lot have treasury
0,nothing have color
0,fan involve ladder
1,person see haze
0,person buy blemish
1,belt cost lot
1,bumblebee have mind
0,person breathe spinout
0,person see flavor
1,undertaker involve cemetery
1,sleepwalker have arm
1,casserole contain pasta
0,person buy cancer
1,people use catsup
0,person wear prank
0,person wear scratcher
0,person drive decor
1,poinsettia have use
0,sapling have leg
0,train require opener
1,people eat mouse
0,person carry tsunami
1,dam use electricity
0,mammogram involve sport
0,peepshow have button
0,pencil connect pipe
0,person touch moo
0,person ride gridiron
1,person touch model
1,child use candy
1,people use shell
1,person touch compactor
0,burrito have handle
1,animator have leg
1,neighbor have child
1,person see butterfat
1,person build barbershop
1,vaccuum use electricity
0,panther have spot
1,person purchase chateau
0,obstruction have restroom
1,bundle cost money
1,soil decompose thing
1,adventurer require accoutrement
0,rigger involve government
0,tuxedo make sound
0,transceiver give brightness
1,doctor require college
0,melanoma make sound
1,impostor have finger
1,headquarters provide service
0,person drink heavy
1,lamb weigh lot
1,person touch president
0,person eat triage
1,lizard have scale
1,person see noisemaker
0,buffet make noise
0,person wear villa
1,person see cellulite
0,person eat screamer
1,backstabber ask question
1,people visit garden
1,blender require electricity
0,display have wheel
1,person sell satellite
0,drywall have skin
0,diamondback have leg
0,fly have tail
1,firehouse require human
1,skyscraper have more
1,people see jackpot
0,bifocals cut stuff
1,person purchase lotto
1,kid use canal
1,people have mouth
1,illusionist involve lot
1,screwdriver fix thing
1,champ make lot
0,toddler have tail
1,person find grille
0,person wear sod
0,tusk have hair
1,person hold madwoman
1,wolf involve wildlife
1,snake kill people
1,winner have brain
1,residence have door
1,supplement have color
1,person touch cavern
0,person use come
0,avoid involve insurance
0,ant hug person
1,dandelion change color
0,clothing have part
1,people use denture
1,person see misprint
1,hubcap cost $
0,cattleman involve store
0,tissue need seasoning
1,person touch jowl
0,handle have lid
0,person plant aerialist
1,motor generate power
0,pourer cut object
0,track make noise
0,conch have feeling
1,staircase serve purpose
1,metal help people
1,kid use marmalade
0,person eat canal
0,person plug origami
1,scripts involve writing
1,person smell piece
0,person eat kilometer
1,subcontractor wear sock
0,people wear doorstop
1,child use banner
0,person smell truth
1,spinach have lot
1,person pour sea
1,woman wear mustache
0,boob display range
0,person climb letterhead
1,prizefighter kill person
1,person touch playpen
1,walrus have whisker
1,tiger take space
0,angel make noise
1,person buy door
1,person hold plant
1,squad cost money
1,person hold reward
1,person buy cane
0,houseboy have fur
1,snuffbox hold anything
0,person hold prairie
1,schoolchild make sound
1,hog have tail
1,blacktop cost money
0,hairdryer make call
1,evolution involve people
0,person eat turpentine
0,person cook sty
0,person wear calculation
0,needles need electricity
0,person wear hoe
1,shovel involve landscaping
0,ensemble have screen
0,intervel involve hotel
1,blood contain liquid
0,person drive parsley
0,person breathe quake
1,person use crane
0,everyone have turnstile
1,cat have leg
0,battleaxe use battery
0,person drink router
0,person eat subcontractor
0,eyeroll have color
1,person eat chilis
0,family have feather
1,tiger make sound
1,adult use gold
1,chicken like worm
0,relight involve money
0,person wear food
1,mouse have eye
1,person wear undergarment
1,grandstand involve music
1,leopard eat meat
1,corkscrew open bottle
1,lesson involve solving
0,person use ironworks
0,shovel take photo
1,opponent have emotion
1,sweatbox have color
0,person see headwind
0,nightwear hold clothes
0,brassiere have hood
0,person eat computer
1,hangar store bicycle
1,runt have fur
0,person drink condor
1,child use doughnut
0,microprocessor print document
0,person eat flamethrower
1,carnival cost money
0,airplay cut anything
0,person eat cummerbund
1,people like park
1,purse hold money
1,person touch tuba
1,car possess wheel
0,giraffe eat meat
1,dog wear shoe
1,mongoose have claw
1,mammogram include people
1,biter involve pet
1,rattlesnake climb tree
0,root provide shade
1,people worship god
0,merchandise make offspring
1,tortoise eat insect
1,tree produce nut
0,midterm have odor
0,moment use electricity
0,apple have fur
0,firelight involve education
0,sugarplum have wheel
1,people use road
1,person hold whetstone
1,tent have restroom
1,amplifier cost money
1,dildo cost money
1,goat climb tree
0,worm have hand
0,silverfish have fur
0,landmine cost anything
1,ovum serve purpose
0,hairdryer tell time
0,pourer clean dish
1,teacher require college
0,person touch arithmetic
1,person hold diagram
1,subcontractor have toe
1,star change color
1,jaguar make sound
0,person buy health
0,person wear neet
0,sand eat food
1,person hold flathead
1,hacker eat meat
0,person buy doctor
0,keyboard contain thing
1,heater use electricity
1,radio transmit anything
0,person use pushbutton
0,person wear splicer
0,person wear tubing
0,chainsaw have head
0,everyone have punisher
1,hunter have heartbeat
0,animal use soot
1,person buy seltzer
1,macaroni cost $
1,person smell luncheon
0,leatherworker use harpoon
0,person click tearoom
0,minefield have screen
0,people wear light
0,glimpse contain water
0,woman use consumer
1,microwave use electricity
1,tablet use electricity
1,schoolbook hold anything
1,moneymaker make noise
0,canal have fur
0,sulfite make sound
1,teacher involve child
0,pushbutton have cap
0,ginseng contain meat
1,leaves provide shade
0,headset track location
0,jailbird involve parenthood
1,mouse make noise
1,person watch flamethrower
1,people enjoy darts
0,person eat entryway
0,place have feeling
0,furnishings have feeling
0,clockmaker involve lab
1,people eat cuttlefish
1,human use plotter
1,person buy stimulant
1,person carry holder
0,person hold crossways
1,newsagent require travel
0,borough have wing
0,person eat skin
1,dove eat fish
1,slammer need electricity
1,person buy insulin
0,larvae use electricity
0,person feed flamethrower
1,grandma have face
1,phone have screen
0,person smoke simcard
0,person eat whittler
1,bowl hold liquid
0,madwoman have tail
0,cat lay egg
1,person use project
0,dog have beak
0,moon have lot
0,person drink crayon
1,horse eat plant
1,drawer have handle
1,petal have texture
0,person use sidearm
1,human eat cattle
1,machete require labor
0,tepee have wheel
1,schooner use power
0,jailer use electricity
1,astronaut have leg
1,cafe have food
1,person use oboe
1,tv require electricity
1,peer have color
1,telegrapher have button
1,light use electricity
1,boob obey rule
1,person hold foam
0,tap hold stuff
1,person hold wallboard
0,person frame choreographer
1,computer use electricity
1,juice contain alcohol
1,cat have tail
0,person buy blockage
0,cat serve people
0,person eat thimble
0,steam cost $
1,ravine need rain
0,person eat butler
0,cornflakes require electricity
1,fork cut thing
0,person wear telegram
0,set have leafs
0,display need water
0,person eat shower
0,violet have address
0,specks have wheel
1,platform have railing
1,drill make hole
0,aerialist have color
1,people have nonhuman
0,kid use dead
1,person touch craps
0,person wear embankment
0,human touch sun
0,metal need power
1,car have battery
0,person use wall
0,person eat illustration
1,airlift have engine
0,person cook fixer
1,person touch bronco
1,person drink gin
1,people eat chestnut
1,assistant involve computer
1,evaporator make noise
1,appointee make noise
0,person drink sunshine
1,ledge serve function
1,person touch plane
0,sand have job
1,ballet involve dance
1,freezer have meat
0,eggshell have technology
1,person touch tops
0,twig transport people
0,water have calory
1,sanitizer hold liquid
0,vegan eat sturgeon
1,bathrobe have sleeve
0,person catch jury
0,borough eat chicken
0,credit breath air
0,tightwad involve sport
1,silverback have fur
1,person touch tarp
1,scissor cut hair
0,person wear triage
1,police require uniform
0,musket watch person
0,binoculars use electricity
0,person throw abuser
1,dalmation have spot
1,organizer store thing
1,fawn have claw
1,gram affect people
0,maned involve reunion
0,varnish tell time
1,jaywalker have feeling
0,scan require boot
1,herbivore have feather
1,person hold oats
1,laptop involve computer
1,plant have scent
0,dropout have phd
0,person eat diva
1,plant consume water
1,wheelman make sound
1,shampoo have opening
0,tranquilizers have wheel
0,person eat overeater
1,timberwolf have fang
1,people like disease
1,water have particle
0,person wear runway
0,person hold mansion
1,book involve writing
1,trainning involve education
1,person wear fashion
0,fruit eat grain
0,person eat read
1,woman wear smock
1,horse have tail
1,racer involve machinery
0,trees wear sock
0,phosphate make noise
1,puma attack human
0,novel use electricity
1,yellows have color
1,person hold chronograph
0,curler involve screen
0,person eat calipers
1,student wear uniform
1,columnist require degree
1,hellhound kill human
1,illusionist require talent
0,human use alien
0,person wear thermograph
0,game feel pain
1,mammal have fur
0,yard make noise
0,person wear solvent
1,person move honker
1,clam have shell
1,appetizer cost $
1,people wear shirt
1,midwife cost money
0,suppository have leg
0,person ride utensils
0,towel have wheel
0,muscleman manage people
1,oak have root
0,pathogen involve communication
0,untwist have skin
0,person eat tombstone
1,speedster have function
0,person wear clitoris
1,ameoba change shape
0,fish have hair
1,merchant provide service
1,sunflower need water
0,person eat robe
0,codeine hold object
1,cup hold anything
0,person eat crossways
0,architect use capacitor
1,vegan eat seaweed
1,person see resuscitator
1,hen lay egg
0,person buy gazer
1,trial cost money
0,oat involve group
1,person eat razorback
0,person ride musket
1,landscape change form
1,person touch courtroom
0,duet require electricity
0,grasshopper have feather
0,italics have smell
0,person trim treaser
0,person eat brothel
0,person paint air
1,people cause disaster
0,person lift over
1,freshener help person
1,house have door
0,jaguar have wing
0,person touch sleeplessness
1,person see ranch
0,swarm involve writing
0,person move universe
1,hombre have leg
1,mermaid have tail
0,crasher have member
0,person touch nebula
1,windchimes make noise
1,ragtime harm people
1,nobleman have eye
1,person smell attire
1,woman use cowbell
0,person buy earth
1,person see wallpaper
0,sunlight have scent
1,bones make lot
1,love involve feeling
1,station use satellite
1,person use sand
0,god involve circus
0,bison eat meat
1,kid understand ace
0,person buy sky
1,towel clean something
0,plan have penis
1,ballplayer drink milk
1,alternator make sound
1,everyone have intestine
1,wasp bite human
0,jailbird involve family
0,person eat newlyweds
0,dishtowel make noise
0,handclap require electricity
1,human create canopy
0,person touch gaze
0,person use phrasebook
1,garbage emit odor
1,wolf have fur
0,person eat gridiron
0,fan have lid
1,lobster have leg
1,brontosaurus have skin
1,axle have wheel
1,dog like bird
1,searchlight use electricity
1,book have page
0,gauntlet cover foot
0,menthol use electricity
0,address involve economics
0,rock use electricity
0,forceps tell time
0,person take column
1,person mail reel
0,person touch health
0,cat hatch egg
0,person touch moon
1,person touch seltzer
1,transceiver use electricity
0,person drink ladle
0,bundler involve writing
0,garbageman involve kid
0,codex use electricity
0,valet involve water
0,warhorse have horn
1,alligator provide food
1,human move steeple
0,person touch must
0,person hire car
0,necklace use electricity
1,person see sunglass
1,applesauce taste tart
1,microwave require power
0,dishwater have keyboard
1,person touch wingtip
1,xray use electricity
1,marksman involve perform
1,firehouse involve transportation
0,person eat sonnet
0,person eat manor
1,person use newsletter
0,teeth have mouth
0,processor transport people
0,movie need bulb
1,class involve education
0,mite have wing
0,person hold closet
1,councilman make noise
1,woman cook thing
1,computer have manual
1,people collect teapot
0,opiate use eletricity
0,person eat chair
1,garage store bicycle
1,driver make money
1,swindler involve laundering
1,cardiogram make noise
1,caster have wheel
1,people buy compartment
0,water have handle
0,person eat steeple
0,clutch have window
0,person use splint
1,person see aspirin
0,everyone have lagoon
0,sushi involve liquid
0,blowfish have shell
1,person throw cookbook
0,uranium make sound
1,protestor involve religiion
0,baby start foundation
0,person eat thumbtack
1,person touch fedora
1,biographer speak english
1,livestock feel pain
0,person wear door
0,leather involve function
1,granite serve purpose
1,car have light
1,stone require movement
0,person smoke blind
1,child enjoy playing
0,person wear stationery
0,law make noise
1,people use spectacle
0,airport cost $
1,person touch housemaster
0,hammer use electricity
1,spider have leg
1,person fry snapper
0,voyeur involve music
1,dog have leg
0,person use kingfisher
1,cuttlefish have tooth
0,grapefruit make noise
1,mime involve title
1,waterwheel have wheel
0,person eat borough
0,varnish involve family
0,person touch happiness
0,aerialist have feather
0,paperboy make thing
0,person wear bench
0,flask use number
0,person kill fencer
1,person burn record
1,bench use electricity
1,person touch children
1,brain understand emotion
1,congregation have friend
0,person see gravity
1,person see dorm
1,van make sound
0,food involve bodywork
1,mask use battery
0,ambulance involve hvac
0,person ride gardner
0,person wear pancreas
0,person eat trinket
0,person see radon
0,person see mental
0,duel have leg
0,person eat addressee
1,people want jade
1,person use barn
1,airplane have motor
0,person throw flatfoot
1,pulpit help people
0,nutcracker open can
0,person put psychiatry
0,person touch celebration
0,person hug strings
0,must have wheel
0,clown involve cleaning
0,person wear hearse
0,speculum birth child
0,person drink autograph
0,person drive alcohol
1,dolphin have fin
0,person wear marker
1,home have roof
0,target change shape
1,trailer have motor
0,tablespoonful require battery
1,person see captain
0,person hold wall
1,person touch barometer
0,bayonet involve writing
1,fur have price
0,person eat handcart
0,people ride garden
1,biographer have eye
0,steppingstone wear dress
1,pet make noise
1,people use car
0,gaze feel love
1,child buy candy
0,confectionery have screen
0,attire have wheel
0,person eat undercoating
1,mouse eat cheese
1,snowman involve snow
1,bicycle have wheel
1,guardian have leg
1,nightclub require electricity
0,wrench have toe
0,person drink typhoon
0,person sell voltage
0,child use waxwork
1,alarm make noise
1,breakfast have color
0,person see intentions
1,subcontractor have leg
1,rat feel pain
0,child use alcohol
0,leaf have wheel
1,employer wear clothes
0,person own gambling
1,person hold wand
1,revolver make sound
1,person see violence
0,gooseberry have brain
1,riverbed make sound
1,person hold antidepressant
0,locust prepare food
1,workhouse hold something
0,person hold lagoon
1,will include more
1,inquisitor have hair
1,fox make noise
0,drugstore involve drainage
1,stamp serve purpose
0,kayaker involve cleaning
0,person use caster
0,person eat sweatbox
1,people use valve
0,honey have feeling
1,shower have handle
1,child use violin
0,thesis have battery
0,risotto feel pain
1,dog have fur
0,flypaper use electricity
0,codpiece have leg
1,giver fly plane
1,proctologist drive car
0,person eat cell
0,pot change shape
1,person buy walnut
1,sky change color
1,lemons have smell
1,person build bay
0,person touch flex
1,fighter have feeling
1,bookshop have food
0,person eat dime
1,ambulance have engine
0,little take electricty
1,person hold radio
0,hammer involve imagination
0,person eat puncture
1,man use handgun
0,burrow have building
0,person wear breeder
1,air have smell
0,leaf have faucet
0,leaf weigh duck
0,person see voicing
1,stewpot have lid
0,highchair use gas
0,skier involve circus
0,person eat swaddling
0,obstetrician involve entertainment
0,person bury interview
0,stamp blow air
0,person buy breath
0,count weigh something
0,lambskin have wheel
0,kid use warplane
1,kitten have fur
0,person buy guilt
1,people climb ridge
0,pistol use electricity
0,icecap have leg
1,insomniac have pug
1,hornet have wing
0,signalman cost money
1,metronome have metal
1,barrette hold something
1,people eat hamster
1,air make sound
1,people buy shampoo
0,boathouse beat person
0,person drive tinderbox
1,bandage cost money
0,person buy dealership
1,carrier help people
0,acrobat involve board
1,monsignor have phd
1,cow have horn
0,person burn ballad
0,fight have fur
0,person wear doorframe
0,person touch god
0,dart have hair
1,spider eat insect
0,person smash water
1,noodle hold stuff
1,chef use pan
1,autobiographer require training
0,person eat loudspeaker
1,tie have button
0,person eat newsprint
0,brontosaurus have fur
1,person use confetti
0,trustee cause pain
1,litigator have child
0,rioting have wheel
1,leopard attack human
0,otter use electricity
0,taffy have wheel
0,person use ejector
0,people eat animator
0,person smell crossways
0,leeches have wing
1,chicken have feather
0,person drink horseshit
0,washstand have headboard
1,person buy medicine
0,person display stowaway
1,someone borrow mainframe
1,person move harvester
0,can have wheel
1,cougar have claw
0,things involve uniform
0,foldout tell time
1,agriculturalist study life
0,person hold cellblock
1,ship have engine
0,bookmark need electricity
0,person touch lord
1,constituent speak language
1,clay have shape
1,person buy poison
1,adult use origami
1,refrigerator use electricity
0,sword have hand
1,hamster have tail
0,person wear spoon
1,people eat reefer
0,tonsil have eye
1,chickadee have beak
0,person eat cryptograph
1,boiler have color
1,nerd eat meat
1,person hold smorgasbord
1,reindeer have leg
0,rabbit have horn
1,turbines need power
1,person touch mildew
1,person touch man
1,dinosaur have tail
0,constitution speak language
0,transit involve bank
1,mobile have screen
0,person wear car
0,person hold postponement
0,tranquilizers have keyboard
1,remote take battery
0,person eat temperature
0,reconstruction require power
1,oven produce heat
1,kid use template
1,rain ruin microprocessor
1,shrimp have shell
1,people eat fig
0,kid use logos
1,people see enema
1,human operate motorboat
0,physique require blood
1,human use bat
0,person dive mannequin
1,person touch ambulance
1,child use crayons
0,amphetamine require cooking
1,boss involve business
1,subcontractor have arm
0,person hold fishing
0,person wear sweathouse
0,one eat consumer
1,phone make call
0,paper use electric
0,people eat electric
0,rigger involve writing
0,person wear database
0,envelope need power
1,statesman involve music
0,impostor have feather
0,human use bass
0,bakeshop involve government
1,wheelchair have wheel
0,shovel feel pain
0,person consume flusher
1,person find speedster
0,rhino eat meat
1,gazelle have hoove
0,person use seen
0,people read camisole
1,everyone have gyro
1,radio use electricity
1,breadwinner have tooth
1,ship involve water
1,herdsman have leg
0,person buy risk
0,bedchamber have wheel
1,moneymaker have leg
0,nursemaid involve music
1,bear have fur
0,person use bike
0,person have tail
0,sleep require training
0,carnivore eat plant
1,model require college
0,bird have fur
1,people use lever
0,vegetarian eat meat
0,rabbit eat meat
0,gap track location
1,moneymaker have job
1,toaster use electricity
0,animal produce oregano
1,human own paprika
1,person touch appointee
1,people mail glasses
1,mailbox hold mail
0,transit involve nasdaq
0,bible change shape
1,person touch filter
0,person touch angel
1,kid use frame
0,supervisor involve water
0,person pursuit sob
1,acupuncture involve people
0,person wear soot
0,person use yard
0,mailbox fit family
0,shopper involve religion
0,watermelon have corner
0,person touch wind
1,people use launcher
1,person hold homework
1,waste serve purpose
0,people eat cathouse
1,sun emit light
0,woodpecker use electricity
1,larvae make noise
0,lettuce grow fruit
0,operator involve science
0,buttonhole have lung
0,algae have thorns
0,hock have antler
1,child use saddle
1,person eat antibiotics
1,subcontractor have hair
0,silence have sound
0,person plug mailbox
0,animal use trouser
0,playlist eat meat
1,person touch blueprint
0,caricaturist involve sport
0,person eat mainsheet
0,blackfish have fur
0,earplugs use electricity
0,person hold flavor
1,laptop involve internet
0,duck have fur
1,sandpaper cost $
0,radiator prepare food
0,single involve person
1,ranch have value
0,person hold river
0,recipient have horn
1,grapes involve food
1,paper require interaction
0,people use man
0,partner take electricity
1,person eat bouillon
1,tickets cost money
1,person hold brassiere
1,person hold cleanser
1,dog have tail
0,snow have screen
1,people eat snails
1,person consume gyro
1,person touch home
1,person make gyro
1,person wear doorknob
1,person buy plankton
1,vacationer make noise
0,wienie have horn
0,rock make noise
0,goop need electricty
1,walrus make noise
1,person hold metronome
1,bee love flower
0,hate need water
0,person sell caring
0,person wear seltzer
